{
	"arrowColors": [
		"#F2F2F2",
		"#F9FBFB",
		"#FAFAFA",
		"#FCF8F8"
	],
	"camOffset": {
		"x": 0,
		"y": 0
	},
	"globalOffset": {
		"x": 80,
		"y": 540
	},
	"healthbarColor": "#FFFFFF",
	"flipX": false,
	"anims": [
		{
			"indices": null,
			"x": 0,
			"y": 0,
			"anim": "idle",
			"loop": true,
			"name": "idle",
			"framerate": 14
		},
		{
			"indices": null,
			"x": -50,
			"y": -50,
			"anim": "right",
			"loop": false,
			"name": "singRIGHT",
			"framerate": 14
		},
		{
			"indices": null,
			"x": -30,
			"y": -140,
			"anim": "down",
			"loop": false,
			"name": "singDOWN",
			"framerate": 14
		},
		{
			"indices": null,
			"x": -80,
			"y": 130,
			"anim": "up",
			"loop": false,
			"name": "singUP",
			"framerate": 14
		},
		{
			"indices": null,
			"x": 100,
			"y": -50,
			"anim": "left",
			"loop": false,
			"name": "singLEFT",
			"framerate": 14
		}
	],
	"danceSteps": [
		"idle"
	],
	"antialiasing": true,
	"healthIconSteps": [
		[
			20,
			0
		],
		[
			0,
			1
		]
	],
	"scale": 2
}