﻿<?xml version="1.0" encoding="utf-8"?>
<TextureAtlas imagePath="mr fng.png">
	<!-- Created with Adobe Animate version 21.0.6.41649 -->
	<!-- http://www.adobe.com/products/animate.html -->
	<SubTexture name="down0000" x="0" y="0" width="196" height="75" frameX="-2" frameY="0" frameWidth="200" frameHeight="76"/>
	<SubTexture name="down0001" x="196" y="0" width="200" height="71" frameX="0" frameY="-5" frameWidth="200" frameHeight="76"/>
	<SubTexture name="down0002" x="196" y="0" width="200" height="71" frameX="0" frameY="-5" frameWidth="200" frameHeight="76"/>
	<SubTexture name="down0003" x="196" y="0" width="200" height="71" frameX="0" frameY="-5" frameWidth="200" frameHeight="76"/>
	<SubTexture name="down0004" x="196" y="0" width="200" height="71" frameX="0" frameY="-5" frameWidth="200" frameHeight="76"/>
	<SubTexture name="down0005" x="196" y="0" width="200" height="71" frameX="0" frameY="-5" frameWidth="200" frameHeight="76"/>
	<SubTexture name="down0006" x="196" y="0" width="200" height="71" frameX="0" frameY="-5" frameWidth="200" frameHeight="76"/>
	<SubTexture name="down0007" x="196" y="0" width="200" height="71" frameX="0" frameY="-5" frameWidth="200" frameHeight="76"/>
	<SubTexture name="down0008" x="196" y="0" width="200" height="71" frameX="0" frameY="-5" frameWidth="200" frameHeight="76"/>
	<SubTexture name="idle0000" x="396" y="0" width="166" height="145" frameX="-13" frameY="0" frameWidth="198" frameHeight="149"/>
	<SubTexture name="idle0001" x="396" y="0" width="166" height="145" frameX="-13" frameY="0" frameWidth="198" frameHeight="149"/>
	<SubTexture name="idle0002" x="396" y="0" width="166" height="145" frameX="-13" frameY="0" frameWidth="198" frameHeight="149"/>
	<SubTexture name="idle0003" x="396" y="0" width="166" height="145" frameX="-13" frameY="0" frameWidth="198" frameHeight="149"/>
	<SubTexture name="idle0004" x="562" y="0" width="198" height="116" frameX="0" frameY="-33" frameWidth="198" frameHeight="149"/>
	<SubTexture name="idle0005" x="760" y="0" width="184" height="142" frameX="-8" frameY="-7" frameWidth="198" frameHeight="149"/>
	<SubTexture name="left0000" x="0" y="145" width="226" height="122"/>
	<SubTexture name="left0001" x="226" y="145" width="216" height="122" frameX="-9" frameY="0" frameWidth="226" frameHeight="122"/>
	<SubTexture name="left0002" x="226" y="145" width="216" height="122" frameX="-9" frameY="0" frameWidth="226" frameHeight="122"/>
	<SubTexture name="left0003" x="226" y="145" width="216" height="122" frameX="-9" frameY="0" frameWidth="226" frameHeight="122"/>
	<SubTexture name="left0004" x="226" y="145" width="216" height="122" frameX="-9" frameY="0" frameWidth="226" frameHeight="122"/>
	<SubTexture name="left0005" x="226" y="145" width="216" height="122" frameX="-9" frameY="0" frameWidth="226" frameHeight="122"/>
	<SubTexture name="left0006" x="226" y="145" width="216" height="122" frameX="-9" frameY="0" frameWidth="226" frameHeight="122"/>
	<SubTexture name="left0007" x="226" y="145" width="216" height="122" frameX="-9" frameY="0" frameWidth="226" frameHeight="122"/>
	<SubTexture name="left0008" x="226" y="145" width="216" height="122" frameX="-9" frameY="0" frameWidth="226" frameHeight="122"/>
	<SubTexture name="left0009" x="226" y="145" width="216" height="122" frameX="-9" frameY="0" frameWidth="226" frameHeight="122"/>
	<SubTexture name="left0010" x="226" y="145" width="216" height="122" frameX="-9" frameY="0" frameWidth="226" frameHeight="122"/>
	<SubTexture name="right0000" x="442" y="145" width="164" height="123" frameX="-20" frameY="0" frameWidth="184" frameHeight="123"/>
	<SubTexture name="right0001" x="606" y="145" width="172" height="123" frameX="0" frameY="0" frameWidth="184" frameHeight="123"/>
	<SubTexture name="right0002" x="778" y="145" width="171" height="123" frameX="-2" frameY="0" frameWidth="184" frameHeight="123"/>
	<SubTexture name="right0003" x="778" y="145" width="171" height="123" frameX="-2" frameY="0" frameWidth="184" frameHeight="123"/>
	<SubTexture name="right0004" x="778" y="145" width="171" height="123" frameX="-2" frameY="0" frameWidth="184" frameHeight="123"/>
	<SubTexture name="right0005" x="778" y="145" width="171" height="123" frameX="-2" frameY="0" frameWidth="184" frameHeight="123"/>
	<SubTexture name="right0006" x="778" y="145" width="171" height="123" frameX="-2" frameY="0" frameWidth="184" frameHeight="123"/>
	<SubTexture name="right0007" x="778" y="145" width="171" height="123" frameX="-2" frameY="0" frameWidth="184" frameHeight="123"/>
	<SubTexture name="right0008" x="778" y="145" width="171" height="123" frameX="-2" frameY="0" frameWidth="184" frameHeight="123"/>
	<SubTexture name="right0009" x="778" y="145" width="171" height="123" frameX="-2" frameY="0" frameWidth="184" frameHeight="123"/>
	<SubTexture name="right0010" x="778" y="145" width="171" height="123" frameX="-2" frameY="0" frameWidth="184" frameHeight="123"/>
	<SubTexture name="right0011" x="778" y="145" width="171" height="123" frameX="-2" frameY="0" frameWidth="184" frameHeight="123"/>
	<SubTexture name="right0012" x="778" y="145" width="171" height="123" frameX="-2" frameY="0" frameWidth="184" frameHeight="123"/>
	<SubTexture name="right0013" x="778" y="145" width="171" height="123" frameX="-2" frameY="0" frameWidth="184" frameHeight="123"/>
	<SubTexture name="right0014" x="778" y="145" width="171" height="123" frameX="-2" frameY="0" frameWidth="184" frameHeight="123"/>
	<SubTexture name="up0000" x="0" y="268" width="117" height="211" frameX="-5" frameY="0" frameWidth="127" frameHeight="211"/>
	<SubTexture name="up0001" x="117" y="268" width="127" height="178" frameX="0" frameY="-32" frameWidth="127" frameHeight="211"/>
	<SubTexture name="up0002" x="117" y="268" width="127" height="178" frameX="0" frameY="-32" frameWidth="127" frameHeight="211"/>
	<SubTexture name="up0003" x="117" y="268" width="127" height="178" frameX="0" frameY="-32" frameWidth="127" frameHeight="211"/>
	<SubTexture name="up0004" x="117" y="268" width="127" height="178" frameX="0" frameY="-32" frameWidth="127" frameHeight="211"/>
	<SubTexture name="up0005" x="117" y="268" width="127" height="178" frameX="0" frameY="-32" frameWidth="127" frameHeight="211"/>
	<SubTexture name="up0006" x="117" y="268" width="127" height="178" frameX="0" frameY="-32" frameWidth="127" frameHeight="211"/>
	<SubTexture name="up0007" x="117" y="268" width="127" height="178" frameX="0" frameY="-32" frameWidth="127" frameHeight="211"/>
	<SubTexture name="up0008" x="117" y="268" width="127" height="178" frameX="0" frameY="-32" frameWidth="127" frameHeight="211"/>
	<SubTexture name="up0009" x="117" y="268" width="127" height="178" frameX="0" frameY="-32" frameWidth="127" frameHeight="211"/>
	<SubTexture name="up0010" x="117" y="268" width="127" height="178" frameX="0" frameY="-32" frameWidth="127" frameHeight="211"/>
	<SubTexture name="up0011" x="117" y="268" width="127" height="178" frameX="0" frameY="-32" frameWidth="127" frameHeight="211"/>
	<SubTexture name="up0012" x="117" y="268" width="127" height="178" frameX="0" frameY="-32" frameWidth="127" frameHeight="211"/>
	<SubTexture name="up0013" x="117" y="268" width="127" height="178" frameX="0" frameY="-32" frameWidth="127" frameHeight="211"/>
	<SubTexture name="up0014" x="117" y="268" width="127" height="178" frameX="0" frameY="-32" frameWidth="127" frameHeight="211"/>
</TextureAtlas>
