﻿<?xml version="1.0" encoding="utf-8"?>
<TextureAtlas imagePath="cool.png">
	<!-- Created with Adobe Animate version 21.0.6.41649 -->
	<!-- http://www.adobe.com/products/animate.html -->
	<SubTexture name="down0000" x="0" y="0" width="283" height="272" frameX="0" frameY="-37" frameWidth="283" frameHeight="310"/>
	<SubTexture name="down0001" x="283" y="0" width="269" height="310" frameX="-4" frameY="0" frameWidth="283" frameHeight="310"/>
	<SubTexture name="down0002" x="552" y="0" width="273" height="299" frameX="-3" frameY="-10" frameWidth="283" frameHeight="310"/>
	<SubTexture name="down0003" x="552" y="0" width="273" height="299" frameX="-3" frameY="-10" frameWidth="283" frameHeight="310"/>
	<SubTexture name="down0004" x="552" y="0" width="273" height="299" frameX="-3" frameY="-10" frameWidth="283" frameHeight="310"/>
	<SubTexture name="down0005" x="552" y="0" width="273" height="299" frameX="-3" frameY="-10" frameWidth="283" frameHeight="310"/>
	<SubTexture name="down0006" x="552" y="0" width="273" height="299" frameX="-3" frameY="-10" frameWidth="283" frameHeight="310"/>
	<SubTexture name="down0007" x="552" y="0" width="273" height="299" frameX="-3" frameY="-10" frameWidth="283" frameHeight="310"/>
	<SubTexture name="down0008" x="552" y="0" width="273" height="299" frameX="-3" frameY="-10" frameWidth="283" frameHeight="310"/>
	<SubTexture name="down0009" x="552" y="0" width="273" height="299" frameX="-3" frameY="-10" frameWidth="283" frameHeight="310"/>
	<SubTexture name="down0010" x="552" y="0" width="273" height="299" frameX="-3" frameY="-10" frameWidth="283" frameHeight="310"/>
	<SubTexture name="down0011" x="552" y="0" width="273" height="299" frameX="-3" frameY="-10" frameWidth="283" frameHeight="310"/>
	<SubTexture name="down0012" x="552" y="0" width="273" height="299" frameX="-3" frameY="-10" frameWidth="283" frameHeight="310"/>
	<SubTexture name="down0013" x="552" y="0" width="273" height="299" frameX="-3" frameY="-10" frameWidth="283" frameHeight="310"/>
	<SubTexture name="idle0000" x="825" y="0" width="269" height="348" frameX="-11" frameY="-17" frameWidth="289" frameHeight="366"/>
	<SubTexture name="idle0001" x="825" y="0" width="269" height="348" frameX="-11" frameY="-17" frameWidth="289" frameHeight="366"/>
	<SubTexture name="idle0002" x="825" y="0" width="269" height="348" frameX="-11" frameY="-17" frameWidth="289" frameHeight="366"/>
	<SubTexture name="idle0003" x="825" y="0" width="269" height="348" frameX="-11" frameY="-17" frameWidth="289" frameHeight="366"/>
	<SubTexture name="idle0004" x="825" y="0" width="269" height="348" frameX="-11" frameY="-17" frameWidth="289" frameHeight="366"/>
	<SubTexture name="idle0005" x="1094" y="0" width="280" height="327" frameX="-9" frameY="-39" frameWidth="289" frameHeight="366"/>
	<SubTexture name="idle0006" x="1374" y="0" width="279" height="331" frameX="-4" frameY="-34" frameWidth="289" frameHeight="366"/>
	<SubTexture name="idle0007" x="1653" y="0" width="260" height="359" frameX="-20" frameY="-6" frameWidth="289" frameHeight="366"/>
	<SubTexture name="idle0008" x="0" y="359" width="267" height="365" frameX="-13" frameY="0" frameWidth="289" frameHeight="366"/>
	<SubTexture name="idle0009" x="267" y="359" width="280" height="347" frameX="0" frameY="-18" frameWidth="289" frameHeight="366"/>
	<SubTexture name="left0000" x="547" y="359" width="284" height="346" frameX="0" frameY="-5" frameWidth="316" frameHeight="351"/>
	<SubTexture name="left0001" x="831" y="359" width="288" height="351" frameX="-23" frameY="0" frameWidth="316" frameHeight="351"/>
	<SubTexture name="left0002" x="1119" y="359" width="287" height="341" frameX="-29" frameY="-10" frameWidth="316" frameHeight="351"/>
	<SubTexture name="left0003" x="1406" y="359" width="286" height="345" frameX="-30" frameY="-6" frameWidth="316" frameHeight="351"/>
	<SubTexture name="left0004" x="1406" y="359" width="286" height="345" frameX="-30" frameY="-6" frameWidth="316" frameHeight="351"/>
	<SubTexture name="left0005" x="1406" y="359" width="286" height="345" frameX="-30" frameY="-6" frameWidth="316" frameHeight="351"/>
	<SubTexture name="left0006" x="1406" y="359" width="286" height="345" frameX="-30" frameY="-6" frameWidth="316" frameHeight="351"/>
	<SubTexture name="left0007" x="1406" y="359" width="286" height="345" frameX="-30" frameY="-6" frameWidth="316" frameHeight="351"/>
	<SubTexture name="left0008" x="1406" y="359" width="286" height="345" frameX="-30" frameY="-6" frameWidth="316" frameHeight="351"/>
	<SubTexture name="left0009" x="1406" y="359" width="286" height="345" frameX="-30" frameY="-6" frameWidth="316" frameHeight="351"/>
	<SubTexture name="left0010" x="1406" y="359" width="286" height="345" frameX="-30" frameY="-6" frameWidth="316" frameHeight="351"/>
	<SubTexture name="left0011" x="1406" y="359" width="286" height="345" frameX="-30" frameY="-6" frameWidth="316" frameHeight="351"/>
	<SubTexture name="left0012" x="1406" y="359" width="286" height="345" frameX="-30" frameY="-6" frameWidth="316" frameHeight="351"/>
	<SubTexture name="right0000" x="0" y="724" width="366" height="374"/>
	<SubTexture name="right0001" x="366" y="724" width="348" height="366" frameX="-7" frameY="-8" frameWidth="366" frameHeight="374"/>
	<SubTexture name="right0002" x="714" y="724" width="340" height="364" frameX="-2" frameY="-10" frameWidth="366" frameHeight="374"/>
	<SubTexture name="right0003" x="714" y="724" width="340" height="364" frameX="-2" frameY="-10" frameWidth="366" frameHeight="374"/>
	<SubTexture name="right0004" x="714" y="724" width="340" height="364" frameX="-2" frameY="-10" frameWidth="366" frameHeight="374"/>
	<SubTexture name="right0005" x="714" y="724" width="340" height="364" frameX="-2" frameY="-10" frameWidth="366" frameHeight="374"/>
	<SubTexture name="right0006" x="714" y="724" width="340" height="364" frameX="-2" frameY="-10" frameWidth="366" frameHeight="374"/>
	<SubTexture name="right0007" x="714" y="724" width="340" height="364" frameX="-2" frameY="-10" frameWidth="366" frameHeight="374"/>
	<SubTexture name="right0008" x="714" y="724" width="340" height="364" frameX="-2" frameY="-10" frameWidth="366" frameHeight="374"/>
	<SubTexture name="right0009" x="714" y="724" width="340" height="364" frameX="-2" frameY="-10" frameWidth="366" frameHeight="374"/>
	<SubTexture name="right0010" x="714" y="724" width="340" height="364" frameX="-2" frameY="-10" frameWidth="366" frameHeight="374"/>
	<SubTexture name="right0011" x="714" y="724" width="340" height="364" frameX="-2" frameY="-10" frameWidth="366" frameHeight="374"/>
	<SubTexture name="up0000" x="1054" y="724" width="295" height="432" frameX="0" frameY="0" frameWidth="315" frameHeight="432"/>
	<SubTexture name="up0001" x="1349" y="724" width="301" height="386" frameX="-8" frameY="-42" frameWidth="315" frameHeight="432"/>
	<SubTexture name="up0002" x="1650" y="724" width="303" height="344" frameX="-12" frameY="-86" frameWidth="315" frameHeight="432"/>
	<SubTexture name="up0003" x="0" y="1156" width="306" height="356" frameX="-8" frameY="-72" frameWidth="315" frameHeight="432"/>
	<SubTexture name="up0004" x="306" y="1156" width="306" height="356" frameX="-8" frameY="-72" frameWidth="315" frameHeight="432"/>
	<SubTexture name="up0005" x="306" y="1156" width="306" height="356" frameX="-8" frameY="-72" frameWidth="315" frameHeight="432"/>
	<SubTexture name="up0006" x="306" y="1156" width="306" height="356" frameX="-8" frameY="-72" frameWidth="315" frameHeight="432"/>
	<SubTexture name="up0007" x="306" y="1156" width="306" height="356" frameX="-8" frameY="-72" frameWidth="315" frameHeight="432"/>
	<SubTexture name="up0008" x="306" y="1156" width="306" height="356" frameX="-8" frameY="-72" frameWidth="315" frameHeight="432"/>
	<SubTexture name="up0009" x="306" y="1156" width="306" height="356" frameX="-8" frameY="-72" frameWidth="315" frameHeight="432"/>
	<SubTexture name="up0010" x="306" y="1156" width="306" height="356" frameX="-8" frameY="-72" frameWidth="315" frameHeight="432"/>
	<SubTexture name="up0011" x="306" y="1156" width="306" height="356" frameX="-8" frameY="-72" frameWidth="315" frameHeight="432"/>
	<SubTexture name="up0012" x="306" y="1156" width="306" height="356" frameX="-8" frameY="-72" frameWidth="315" frameHeight="432"/>
	<SubTexture name="up0013" x="306" y="1156" width="306" height="356" frameX="-8" frameY="-72" frameWidth="315" frameHeight="432"/>
	<SubTexture name="up0014" x="306" y="1156" width="306" height="356" frameX="-8" frameY="-72" frameWidth="315" frameHeight="432"/>
	<SubTexture name="up0015" x="306" y="1156" width="306" height="356" frameX="-8" frameY="-72" frameWidth="315" frameHeight="432"/>
	<SubTexture name="up0016" x="306" y="1156" width="306" height="356" frameX="-8" frameY="-72" frameWidth="315" frameHeight="432"/>
	<SubTexture name="up0017" x="306" y="1156" width="306" height="356" frameX="-8" frameY="-72" frameWidth="315" frameHeight="432"/>
	<SubTexture name="up0018" x="306" y="1156" width="306" height="356" frameX="-8" frameY="-72" frameWidth="315" frameHeight="432"/>
	<SubTexture name="up0019" x="306" y="1156" width="306" height="356" frameX="-8" frameY="-72" frameWidth="315" frameHeight="432"/>
</TextureAtlas>
