﻿<?xml version="1.0" encoding="utf-8"?>
<TextureAtlas imagePath="stinker png.png">
	<!-- Created with Adobe Animate version 21.0.6.41649 -->
	<!-- http://www.adobe.com/products/animate.html -->
	<SubTexture name="down0000" x="0" y="0" width="305" height="312" frameX="0" frameY="-10" frameWidth="305" frameHeight="322"/>
	<SubTexture name="down0001" x="305" y="0" width="296" height="321" frameX="-5" frameY="0" frameWidth="305" frameHeight="322"/>
	<SubTexture name="down0002" x="305" y="0" width="296" height="321" frameX="-5" frameY="0" frameWidth="305" frameHeight="322"/>
	<SubTexture name="down0003" x="305" y="0" width="296" height="321" frameX="-5" frameY="0" frameWidth="305" frameHeight="322"/>
	<SubTexture name="down0004" x="305" y="0" width="296" height="321" frameX="-5" frameY="0" frameWidth="305" frameHeight="322"/>
	<SubTexture name="down0005" x="305" y="0" width="296" height="321" frameX="-5" frameY="0" frameWidth="305" frameHeight="322"/>
	<SubTexture name="down0006" x="305" y="0" width="296" height="321" frameX="-5" frameY="0" frameWidth="305" frameHeight="322"/>
	<SubTexture name="down0007" x="305" y="0" width="296" height="321" frameX="-5" frameY="0" frameWidth="305" frameHeight="322"/>
	<SubTexture name="down0008" x="305" y="0" width="296" height="321" frameX="-5" frameY="0" frameWidth="305" frameHeight="322"/>
	<SubTexture name="down0009" x="305" y="0" width="296" height="321" frameX="-5" frameY="0" frameWidth="305" frameHeight="322"/>
	<SubTexture name="down0010" x="305" y="0" width="296" height="321" frameX="-5" frameY="0" frameWidth="305" frameHeight="322"/>
	<SubTexture name="down0011" x="305" y="0" width="296" height="321" frameX="-5" frameY="0" frameWidth="305" frameHeight="322"/>
	<SubTexture name="down0012" x="305" y="0" width="296" height="321" frameX="-5" frameY="0" frameWidth="305" frameHeight="322"/>
	<SubTexture name="down0013" x="305" y="0" width="296" height="321" frameX="-5" frameY="0" frameWidth="305" frameHeight="322"/>
	<SubTexture name="down0014" x="305" y="0" width="296" height="321" frameX="-5" frameY="0" frameWidth="305" frameHeight="322"/>
	<SubTexture name="down0015" x="305" y="0" width="296" height="321" frameX="-5" frameY="0" frameWidth="305" frameHeight="322"/>
	<SubTexture name="down0016" x="305" y="0" width="296" height="321" frameX="-5" frameY="0" frameWidth="305" frameHeight="322"/>
	<SubTexture name="idle0000" x="601" y="0" width="250" height="333" frameX="-5" frameY="-18" frameWidth="261" frameHeight="351"/>
	<SubTexture name="idle0001" x="601" y="0" width="250" height="333" frameX="-5" frameY="-18" frameWidth="261" frameHeight="351"/>
	<SubTexture name="idle0002" x="601" y="0" width="250" height="333" frameX="-5" frameY="-18" frameWidth="261" frameHeight="351"/>
	<SubTexture name="idle0003" x="601" y="0" width="250" height="333" frameX="-5" frameY="-18" frameWidth="261" frameHeight="351"/>
	<SubTexture name="idle0004" x="851" y="0" width="261" height="349" frameX="0" frameY="0" frameWidth="261" frameHeight="351"/>
	<SubTexture name="idle0005" x="1112" y="0" width="257" height="326" frameX="-2" frameY="-22" frameWidth="261" frameHeight="351"/>
	<SubTexture name="idle0006" x="1369" y="0" width="242" height="336" frameX="-9" frameY="-13" frameWidth="261" frameHeight="351"/>
	<SubTexture name="left0000" x="1611" y="0" width="252" height="331" frameX="0" frameY="0" frameWidth="259" frameHeight="331"/>
	<SubTexture name="left0001" x="0" y="349" width="250" height="331" frameX="-9" frameY="0" frameWidth="259" frameHeight="331"/>
	<SubTexture name="left0002" x="0" y="349" width="250" height="331" frameX="-9" frameY="0" frameWidth="259" frameHeight="331"/>
	<SubTexture name="left0003" x="0" y="349" width="250" height="331" frameX="-9" frameY="0" frameWidth="259" frameHeight="331"/>
	<SubTexture name="left0004" x="0" y="349" width="250" height="331" frameX="-9" frameY="0" frameWidth="259" frameHeight="331"/>
	<SubTexture name="left0005" x="0" y="349" width="250" height="331" frameX="-9" frameY="0" frameWidth="259" frameHeight="331"/>
	<SubTexture name="left0006" x="0" y="349" width="250" height="331" frameX="-9" frameY="0" frameWidth="259" frameHeight="331"/>
	<SubTexture name="left0007" x="0" y="349" width="250" height="331" frameX="-9" frameY="0" frameWidth="259" frameHeight="331"/>
	<SubTexture name="left0008" x="0" y="349" width="250" height="331" frameX="-9" frameY="0" frameWidth="259" frameHeight="331"/>
	<SubTexture name="left0009" x="0" y="349" width="250" height="331" frameX="-9" frameY="0" frameWidth="259" frameHeight="331"/>
	<SubTexture name="left0010" x="0" y="349" width="250" height="331" frameX="-9" frameY="0" frameWidth="259" frameHeight="331"/>
	<SubTexture name="right0000" x="250" y="349" width="271" height="326"/>
	<SubTexture name="right0001" x="521" y="349" width="269" height="326" frameX="0" frameY="0" frameWidth="271" frameHeight="326"/>
	<SubTexture name="right0002" x="521" y="349" width="269" height="326" frameX="0" frameY="0" frameWidth="271" frameHeight="326"/>
	<SubTexture name="right0003" x="521" y="349" width="269" height="326" frameX="0" frameY="0" frameWidth="271" frameHeight="326"/>
	<SubTexture name="right0004" x="521" y="349" width="269" height="326" frameX="0" frameY="0" frameWidth="271" frameHeight="326"/>
	<SubTexture name="right0005" x="521" y="349" width="269" height="326" frameX="0" frameY="0" frameWidth="271" frameHeight="326"/>
	<SubTexture name="right0006" x="521" y="349" width="269" height="326" frameX="0" frameY="0" frameWidth="271" frameHeight="326"/>
	<SubTexture name="right0007" x="521" y="349" width="269" height="326" frameX="0" frameY="0" frameWidth="271" frameHeight="326"/>
	<SubTexture name="right0008" x="521" y="349" width="269" height="326" frameX="0" frameY="0" frameWidth="271" frameHeight="326"/>
	<SubTexture name="right0009" x="521" y="349" width="269" height="326" frameX="0" frameY="0" frameWidth="271" frameHeight="326"/>
	<SubTexture name="right0010" x="521" y="349" width="269" height="326" frameX="0" frameY="0" frameWidth="271" frameHeight="326"/>
	<SubTexture name="right0011" x="521" y="349" width="269" height="326" frameX="0" frameY="0" frameWidth="271" frameHeight="326"/>
	<SubTexture name="right0012" x="521" y="349" width="269" height="326" frameX="0" frameY="0" frameWidth="271" frameHeight="326"/>
	<SubTexture name="right0013" x="521" y="349" width="269" height="326" frameX="0" frameY="0" frameWidth="271" frameHeight="326"/>
	<SubTexture name="up0000" x="790" y="349" width="233" height="347" frameX="-4" frameY="0" frameWidth="241" frameHeight="349"/>
	<SubTexture name="up0001" x="1023" y="349" width="241" height="343" frameX="0" frameY="-6" frameWidth="241" frameHeight="349"/>
	<SubTexture name="up0002" x="1023" y="349" width="241" height="343" frameX="0" frameY="-6" frameWidth="241" frameHeight="349"/>
	<SubTexture name="up0003" x="1023" y="349" width="241" height="343" frameX="0" frameY="-6" frameWidth="241" frameHeight="349"/>
	<SubTexture name="up0004" x="1023" y="349" width="241" height="343" frameX="0" frameY="-6" frameWidth="241" frameHeight="349"/>
	<SubTexture name="up0005" x="1023" y="349" width="241" height="343" frameX="0" frameY="-6" frameWidth="241" frameHeight="349"/>
	<SubTexture name="up0006" x="1023" y="349" width="241" height="343" frameX="0" frameY="-6" frameWidth="241" frameHeight="349"/>
	<SubTexture name="up0007" x="1023" y="349" width="241" height="343" frameX="0" frameY="-6" frameWidth="241" frameHeight="349"/>
	<SubTexture name="up0008" x="1023" y="349" width="241" height="343" frameX="0" frameY="-6" frameWidth="241" frameHeight="349"/>
	<SubTexture name="up0009" x="1023" y="349" width="241" height="343" frameX="0" frameY="-6" frameWidth="241" frameHeight="349"/>
	<SubTexture name="up0010" x="1023" y="349" width="241" height="343" frameX="0" frameY="-6" frameWidth="241" frameHeight="349"/>
	<SubTexture name="up0011" x="1023" y="349" width="241" height="343" frameX="0" frameY="-6" frameWidth="241" frameHeight="349"/>
	<SubTexture name="up0012" x="1023" y="349" width="241" height="343" frameX="0" frameY="-6" frameWidth="241" frameHeight="349"/>
	<SubTexture name="up0013" x="1023" y="349" width="241" height="343" frameX="0" frameY="-6" frameWidth="241" frameHeight="349"/>
	<SubTexture name="up0014" x="1023" y="349" width="241" height="343" frameX="0" frameY="-6" frameWidth="241" frameHeight="349"/>
	<SubTexture name="up0015" x="1023" y="349" width="241" height="343" frameX="0" frameY="-6" frameWidth="241" frameHeight="349"/>
</TextureAtlas>
