﻿<?xml version="1.0" encoding="utf-8"?>
<TextureAtlas imagePath="logoBumpin.png">
	<!-- Created with Adobe Animate version 21.0.6.41649 -->
	<!-- http://www.adobe.com/products/animate.html -->
	<SubTexture name="logo bumpin0000" x="0" y="0" width="631" height="371" frameX="-16" frameY="-11" frameWidth="663" frameHeight="390"/>
	<SubTexture name="logo bumpin0001" x="631" y="0" width="663" height="390"/>
	<SubTexture name="logo bumpin0002" x="631" y="0" width="663" height="390"/>
	<SubTexture name="logo bumpin0003" x="1294" y="0" width="644" height="378" frameX="-10" frameY="-7" frameWidth="663" frameHeight="390"/>
	<SubTexture name="logo bumpin0004" x="1294" y="0" width="644" height="378" frameX="-10" frameY="-7" frameWidth="663" frameHeight="390"/>
	<SubTexture name="logo bumpin0005" x="0" y="390" width="639" height="376" frameX="-12" frameY="-8" frameWidth="663" frameHeight="390"/>
	<SubTexture name="logo bumpin0006" x="0" y="390" width="639" height="376" frameX="-12" frameY="-8" frameWidth="663" frameHeight="390"/>
	<SubTexture name="logo bumpin0007" x="0" y="390" width="639" height="376" frameX="-12" frameY="-8" frameWidth="663" frameHeight="390"/>
	<SubTexture name="logo bumpin0008" x="0" y="390" width="639" height="376" frameX="-12" frameY="-8" frameWidth="663" frameHeight="390"/>
	<SubTexture name="logo bumpin0009" x="0" y="390" width="639" height="376" frameX="-12" frameY="-8" frameWidth="663" frameHeight="390"/>
	<SubTexture name="logo bumpin0010" x="0" y="390" width="639" height="376" frameX="-12" frameY="-8" frameWidth="663" frameHeight="390"/>
	<SubTexture name="logo bumpin0011" x="0" y="390" width="639" height="376" frameX="-12" frameY="-8" frameWidth="663" frameHeight="390"/>
	<SubTexture name="logo bumpin0012" x="0" y="390" width="639" height="376" frameX="-12" frameY="-8" frameWidth="663" frameHeight="390"/>
	<SubTexture name="logo bumpin0013" x="0" y="390" width="639" height="376" frameX="-12" frameY="-8" frameWidth="663" frameHeight="390"/>
	<SubTexture name="logo bumpin0014" x="0" y="390" width="639" height="376" frameX="-12" frameY="-8" frameWidth="663" frameHeight="390"/>
</TextureAtlas>
