﻿<?xml version="1.0" encoding="utf-8"?>
<TextureAtlas imagePath="girlwoman.png">
	<!-- Created with Adobe Animate version 21.0.6.41649 -->
	<!-- http://www.adobe.com/products/animate.html -->
	<SubTexture name="down0000" x="0" y="0" width="203" height="241" frameX="-14" frameY="0" frameWidth="226" frameHeight="242"/>
	<SubTexture name="down0001" x="203" y="0" width="226" height="220" frameX="0" frameY="-22" frameWidth="226" frameHeight="242"/>
	<SubTexture name="down0002" x="429" y="0" width="196" height="240" frameX="-17" frameY="-1" frameWidth="226" frameHeight="242"/>
	<SubTexture name="down0003" x="625" y="0" width="203" height="234" frameX="-14" frameY="-7" frameWidth="226" frameHeight="242"/>
	<SubTexture name="down0004" x="625" y="0" width="203" height="234" frameX="-14" frameY="-7" frameWidth="226" frameHeight="242"/>
	<SubTexture name="down0005" x="625" y="0" width="203" height="234" frameX="-14" frameY="-7" frameWidth="226" frameHeight="242"/>
	<SubTexture name="down0006" x="625" y="0" width="203" height="234" frameX="-14" frameY="-7" frameWidth="226" frameHeight="242"/>
	<SubTexture name="down0007" x="625" y="0" width="203" height="234" frameX="-14" frameY="-7" frameWidth="226" frameHeight="242"/>
	<SubTexture name="down0008" x="625" y="0" width="203" height="234" frameX="-14" frameY="-7" frameWidth="226" frameHeight="242"/>
	<SubTexture name="down0009" x="625" y="0" width="203" height="234" frameX="-14" frameY="-7" frameWidth="226" frameHeight="242"/>
	<SubTexture name="down0010" x="625" y="0" width="203" height="234" frameX="-14" frameY="-7" frameWidth="226" frameHeight="242"/>
	<SubTexture name="down0011" x="625" y="0" width="203" height="234" frameX="-14" frameY="-7" frameWidth="226" frameHeight="242"/>
	<SubTexture name="down0012" x="625" y="0" width="203" height="234" frameX="-14" frameY="-7" frameWidth="226" frameHeight="242"/>
	<SubTexture name="down0013" x="625" y="0" width="203" height="234" frameX="-14" frameY="-7" frameWidth="226" frameHeight="242"/>
	<SubTexture name="down0014" x="625" y="0" width="203" height="234" frameX="-14" frameY="-7" frameWidth="226" frameHeight="242"/>
	<SubTexture name="down0015" x="625" y="0" width="203" height="234" frameX="-14" frameY="-7" frameWidth="226" frameHeight="242"/>
	<SubTexture name="down0016" x="625" y="0" width="203" height="234" frameX="-14" frameY="-7" frameWidth="226" frameHeight="242"/>
	<SubTexture name="down0017" x="625" y="0" width="203" height="234" frameX="-14" frameY="-7" frameWidth="226" frameHeight="242"/>
	<SubTexture name="down0018" x="625" y="0" width="203" height="234" frameX="-14" frameY="-7" frameWidth="226" frameHeight="242"/>
	<SubTexture name="down0019" x="625" y="0" width="203" height="234" frameX="-14" frameY="-7" frameWidth="226" frameHeight="242"/>
	<SubTexture name="hey0000" x="828" y="0" width="179" height="353" frameX="0" frameY="0" frameWidth="195" frameHeight="353"/>
	<SubTexture name="hey0001" x="1007" y="0" width="192" height="248" frameX="-3" frameY="-101" frameWidth="195" frameHeight="353"/>
	<SubTexture name="hey0002" x="1199" y="0" width="186" height="286" frameX="-2" frameY="-67" frameWidth="195" frameHeight="353"/>
	<SubTexture name="hey0003" x="1199" y="0" width="186" height="286" frameX="-2" frameY="-67" frameWidth="195" frameHeight="353"/>
	<SubTexture name="hey0004" x="1199" y="0" width="186" height="286" frameX="-2" frameY="-67" frameWidth="195" frameHeight="353"/>
	<SubTexture name="hey0005" x="1199" y="0" width="186" height="286" frameX="-2" frameY="-67" frameWidth="195" frameHeight="353"/>
	<SubTexture name="hey0006" x="1199" y="0" width="186" height="286" frameX="-2" frameY="-67" frameWidth="195" frameHeight="353"/>
	<SubTexture name="hey0007" x="1199" y="0" width="186" height="286" frameX="-2" frameY="-67" frameWidth="195" frameHeight="353"/>
	<SubTexture name="hey0008" x="1199" y="0" width="186" height="286" frameX="-2" frameY="-67" frameWidth="195" frameHeight="353"/>
	<SubTexture name="hey0009" x="1199" y="0" width="186" height="286" frameX="-2" frameY="-67" frameWidth="195" frameHeight="353"/>
	<SubTexture name="hey0010" x="1199" y="0" width="186" height="286" frameX="-2" frameY="-67" frameWidth="195" frameHeight="353"/>
	<SubTexture name="hey0011" x="1199" y="0" width="186" height="286" frameX="-2" frameY="-67" frameWidth="195" frameHeight="353"/>
	<SubTexture name="hey0012" x="1199" y="0" width="186" height="286" frameX="-2" frameY="-67" frameWidth="195" frameHeight="353"/>
	<SubTexture name="idle0000" x="1385" y="0" width="178" height="269" frameX="-8" frameY="0" frameWidth="194" frameHeight="269"/>
	<SubTexture name="idle0001" x="1385" y="0" width="178" height="269" frameX="-8" frameY="0" frameWidth="194" frameHeight="269"/>
	<SubTexture name="idle0002" x="1385" y="0" width="178" height="269" frameX="-8" frameY="0" frameWidth="194" frameHeight="269"/>
	<SubTexture name="idle0003" x="1385" y="0" width="178" height="269" frameX="-8" frameY="0" frameWidth="194" frameHeight="269"/>
	<SubTexture name="idle0004" x="1385" y="0" width="178" height="269" frameX="-8" frameY="0" frameWidth="194" frameHeight="269"/>
	<SubTexture name="idle0005" x="1385" y="0" width="178" height="269" frameX="-8" frameY="0" frameWidth="194" frameHeight="269"/>
	<SubTexture name="idle0006" x="1563" y="0" width="194" height="246" frameX="0" frameY="-22" frameWidth="194" frameHeight="269"/>
	<SubTexture name="idle0007" x="1757" y="0" width="184" height="259" frameX="-6" frameY="-10" frameWidth="194" frameHeight="269"/>
	<SubTexture name="left0000" x="0" y="353" width="219" height="269" frameX="-3" frameY="0" frameWidth="229" frameHeight="269"/>
	<SubTexture name="left0001" x="219" y="353" width="226" height="269" frameX="0" frameY="0" frameWidth="229" frameHeight="269"/>
	<SubTexture name="left0002" x="445" y="353" width="226" height="269" frameX="-3" frameY="0" frameWidth="229" frameHeight="269"/>
	<SubTexture name="left0003" x="445" y="353" width="226" height="269" frameX="-3" frameY="0" frameWidth="229" frameHeight="269"/>
	<SubTexture name="left0004" x="445" y="353" width="226" height="269" frameX="-3" frameY="0" frameWidth="229" frameHeight="269"/>
	<SubTexture name="left0005" x="445" y="353" width="226" height="269" frameX="-3" frameY="0" frameWidth="229" frameHeight="269"/>
	<SubTexture name="left0006" x="445" y="353" width="226" height="269" frameX="-3" frameY="0" frameWidth="229" frameHeight="269"/>
	<SubTexture name="left0007" x="445" y="353" width="226" height="269" frameX="-3" frameY="0" frameWidth="229" frameHeight="269"/>
	<SubTexture name="left0008" x="445" y="353" width="226" height="269" frameX="-3" frameY="0" frameWidth="229" frameHeight="269"/>
	<SubTexture name="left0009" x="445" y="353" width="226" height="269" frameX="-3" frameY="0" frameWidth="229" frameHeight="269"/>
	<SubTexture name="left0010" x="445" y="353" width="226" height="269" frameX="-3" frameY="0" frameWidth="229" frameHeight="269"/>
	<SubTexture name="left0011" x="445" y="353" width="226" height="269" frameX="-3" frameY="0" frameWidth="229" frameHeight="269"/>
	<SubTexture name="left0012" x="445" y="353" width="226" height="269" frameX="-3" frameY="0" frameWidth="229" frameHeight="269"/>
	<SubTexture name="left0013" x="445" y="353" width="226" height="269" frameX="-3" frameY="0" frameWidth="229" frameHeight="269"/>
	<SubTexture name="right0000" x="671" y="353" width="230" height="270" frameX="-25" frameY="-2" frameWidth="255" frameHeight="272"/>
	<SubTexture name="right0001" x="901" y="353" width="207" height="272" frameX="0" frameY="0" frameWidth="255" frameHeight="272"/>
	<SubTexture name="right0002" x="1108" y="353" width="210" height="271" frameX="-6" frameY="-1" frameWidth="255" frameHeight="272"/>
	<SubTexture name="right0003" x="1108" y="353" width="210" height="271" frameX="-6" frameY="-1" frameWidth="255" frameHeight="272"/>
	<SubTexture name="right0004" x="1108" y="353" width="210" height="271" frameX="-6" frameY="-1" frameWidth="255" frameHeight="272"/>
	<SubTexture name="right0005" x="1108" y="353" width="210" height="271" frameX="-6" frameY="-1" frameWidth="255" frameHeight="272"/>
	<SubTexture name="right0006" x="1108" y="353" width="210" height="271" frameX="-6" frameY="-1" frameWidth="255" frameHeight="272"/>
	<SubTexture name="right0007" x="1108" y="353" width="210" height="271" frameX="-6" frameY="-1" frameWidth="255" frameHeight="272"/>
	<SubTexture name="right0008" x="1108" y="353" width="210" height="271" frameX="-6" frameY="-1" frameWidth="255" frameHeight="272"/>
	<SubTexture name="right0009" x="1108" y="353" width="210" height="271" frameX="-6" frameY="-1" frameWidth="255" frameHeight="272"/>
	<SubTexture name="right0010" x="1108" y="353" width="210" height="271" frameX="-6" frameY="-1" frameWidth="255" frameHeight="272"/>
	<SubTexture name="right0011" x="1108" y="353" width="210" height="271" frameX="-6" frameY="-1" frameWidth="255" frameHeight="272"/>
	<SubTexture name="right0012" x="1108" y="353" width="210" height="271" frameX="-6" frameY="-1" frameWidth="255" frameHeight="272"/>
	<SubTexture name="right0013" x="1108" y="353" width="210" height="271" frameX="-6" frameY="-1" frameWidth="255" frameHeight="272"/>
	<SubTexture name="right0014" x="1108" y="353" width="210" height="271" frameX="-6" frameY="-1" frameWidth="255" frameHeight="272"/>
	<SubTexture name="up0000" x="1318" y="353" width="187" height="334" frameX="-3" frameY="0" frameWidth="190" frameHeight="334"/>
	<SubTexture name="up0001" x="1505" y="353" width="170" height="324" frameX="-3" frameY="-9" frameWidth="190" frameHeight="334"/>
	<SubTexture name="up0002" x="1675" y="353" width="178" height="317" frameX="0" frameY="-16" frameWidth="190" frameHeight="334"/>
	<SubTexture name="up0003" x="1675" y="353" width="178" height="317" frameX="0" frameY="-16" frameWidth="190" frameHeight="334"/>
	<SubTexture name="up0004" x="1675" y="353" width="178" height="317" frameX="0" frameY="-16" frameWidth="190" frameHeight="334"/>
	<SubTexture name="up0005" x="1675" y="353" width="178" height="317" frameX="0" frameY="-16" frameWidth="190" frameHeight="334"/>
	<SubTexture name="up0006" x="1675" y="353" width="178" height="317" frameX="0" frameY="-16" frameWidth="190" frameHeight="334"/>
	<SubTexture name="up0007" x="1675" y="353" width="178" height="317" frameX="0" frameY="-16" frameWidth="190" frameHeight="334"/>
	<SubTexture name="up0008" x="1675" y="353" width="178" height="317" frameX="0" frameY="-16" frameWidth="190" frameHeight="334"/>
	<SubTexture name="up0009" x="1675" y="353" width="178" height="317" frameX="0" frameY="-16" frameWidth="190" frameHeight="334"/>
	<SubTexture name="up0010" x="1675" y="353" width="178" height="317" frameX="0" frameY="-16" frameWidth="190" frameHeight="334"/>
	<SubTexture name="up0011" x="1675" y="353" width="178" height="317" frameX="0" frameY="-16" frameWidth="190" frameHeight="334"/>
	<SubTexture name="up0012" x="1675" y="353" width="178" height="317" frameX="0" frameY="-16" frameWidth="190" frameHeight="334"/>
	<SubTexture name="up0013" x="1675" y="353" width="178" height="317" frameX="0" frameY="-16" frameWidth="190" frameHeight="334"/>
	<SubTexture name="up0014" x="1675" y="353" width="178" height="317" frameX="0" frameY="-16" frameWidth="190" frameHeight="334"/>
	<SubTexture name="up0015" x="1675" y="353" width="178" height="317" frameX="0" frameY="-16" frameWidth="190" frameHeight="334"/>
	<SubTexture name="up0016" x="1675" y="353" width="178" height="317" frameX="0" frameY="-16" frameWidth="190" frameHeight="334"/>
	<SubTexture name="up0017" x="1675" y="353" width="178" height="317" frameX="0" frameY="-16" frameWidth="190" frameHeight="334"/>
	<SubTexture name="up0018" x="1675" y="353" width="178" height="317" frameX="0" frameY="-16" frameWidth="190" frameHeight="334"/>
	<SubTexture name="up0019" x="1675" y="353" width="178" height="317" frameX="0" frameY="-16" frameWidth="190" frameHeight="334"/>
	<SubTexture name="up0020" x="1675" y="353" width="178" height="317" frameX="0" frameY="-16" frameWidth="190" frameHeight="334"/>
	<SubTexture name="up0021" x="1675" y="353" width="178" height="317" frameX="0" frameY="-16" frameWidth="190" frameHeight="334"/>
	<SubTexture name="up0022" x="1675" y="353" width="178" height="317" frameX="0" frameY="-16" frameWidth="190" frameHeight="334"/>
	<SubTexture name="up0023" x="1675" y="353" width="178" height="317" frameX="0" frameY="-16" frameWidth="190" frameHeight="334"/>
	<SubTexture name="up0024" x="1675" y="353" width="178" height="317" frameX="0" frameY="-16" frameWidth="190" frameHeight="334"/>
	<SubTexture name="up0025" x="1675" y="353" width="178" height="317" frameX="0" frameY="-16" frameWidth="190" frameHeight="334"/>
	<SubTexture name="up0026" x="1675" y="353" width="178" height="317" frameX="0" frameY="-16" frameWidth="190" frameHeight="334"/>
	<SubTexture name="up0027" x="1675" y="353" width="178" height="317" frameX="0" frameY="-16" frameWidth="190" frameHeight="334"/>
	<SubTexture name="up0028" x="1675" y="353" width="178" height="317" frameX="0" frameY="-16" frameWidth="190" frameHeight="334"/>
	<SubTexture name="up0029" x="1675" y="353" width="178" height="317" frameX="0" frameY="-16" frameWidth="190" frameHeight="334"/>
	<SubTexture name="up0030" x="1675" y="353" width="178" height="317" frameX="0" frameY="-16" frameWidth="190" frameHeight="334"/>
	<SubTexture name="up0031" x="1675" y="353" width="178" height="317" frameX="0" frameY="-16" frameWidth="190" frameHeight="334"/>
	<SubTexture name="up0032" x="1675" y="353" width="178" height="317" frameX="0" frameY="-16" frameWidth="190" frameHeight="334"/>
</TextureAtlas>
